cityLabel,synonymLabel
Lugano,Lugano TI
Wismar,Hansestadt Wismar
Catanzaro,Catanzaro (Italy)
Liège,Luik
Liège,Lîdje
Liège,Liége
Frankfurt (Oder),Frankfurt
Košice,Kascha
Košice,Kaschau
Košice,Kassa
Košice,Kosice
Batumi,Batoum
Bern,Berne
Bern,Berna
Bern,city of Bern
London,Augusta
London,Lond.
London,Londinium
London,"London, United Kingdom"
London,Lunden
London,Greater London
London,"London, England"
London,Big Smoke
London,London U.K.
London,London UK
London,"London, UK"
London,Londinio
London,Trinovantum
London,Kaerlud
London,Karelundein
London,Llan Dian
London,Llyn Dain
London,Loñ
London,Lon.
London,Loñ.
London,Londini
London,Londiniensium
London,Londinion
London,Loniniensi
London,Lundenburgh
London,Lundenburh
London,Lundenwic
London,the Big Smoke
Vilnius,Vilnia
Vilnius,Vilna
Vilnius,Wilno
Vilnius,Vilnyus
Vilnius,Wilna
Vilnius,Viļņa
Vilnius,Vilnė
Vilnius,Vilno
Warsaw,Warschau
Warsaw,Varsavia
Warsaw,Varsovia
Warsaw,"Warsaw, Poland"
Warsaw,Warszawa
Warsaw,Varshava
Warsaw,Varšava
Warsaw,Varshe
Warsaw,Varsó
Warsaw,Varsovie
Bologna,"Bologna, Italy"
Florence,Florentia
Florence,Firenze
Florence,"Florence, Italy"
Florence,Florencia
Florence,Florenz
Florence,Firenca
Florence,Firense
Florence,Firenz
Florence,Firenzi
Florence,Fiuränza
Florence,Florence Municipality
Florence,"Florence, Tuscany"
Florence,Florencie
Florence,Florentzia
Kongens Lyngby,Lyngby
Birmingham,"Birmingham, England"
Birmingham,"Birmingham, UK"
Birmingham,"Birmingham, West Midlands"
Warsaw,Varšuva
Skopje,Üsküb
Skopje,Skoplje
Skopje,Скопје
Gdynia,Gdingen
Gdynia,Gdiniô
Szczecin,Stettin
Altena,Altena/Westfalen
Rovinj,Rovigno
Rovinj,Ruginium
Rovinj,Ryginion
Zülpich,Tolbiac
Koprivnica,Kapronca
Koprivnica,Kopreinitz
Thebes,"Thebes, Greece"
Thebes,Thiva
Thebes,Thívai
Alavus,Alavo
Ljubljana,"Ljubljana, Slovenia"
Ljubljana,Aemona
Ljubljana,Labacum
Ljubljana,Laibach
Ljubljana,Lublana
Milan,"Milan, Italy"
Milan,Milano
Milan,Milan Records
Milan,Mailand
Milan,"Milano, Italy"
Trieste,Trst
Łódź,Litzmannstadt
Łódź,Lodsch
Łódź,Lodz
Łódź,Lodž
Łódź,Lodz'
Łódź,Lodzh
Łódź,Łodzi
Sarajevo,Bosna-Serai
Alicante,Alacant
Vila-real,Vila Real
Jerez de la Frontera,Xeres
Jerez de la Frontera,xerez
Bruges,Brugge
Imperia,Imperia (Italy)
Lahr/Schwarzwald,Lahr
Gatchina,Trotsk
Gatchina,Krasnogvardeysk
Gatchina,Khotchino
Gatchina,Lindemannstadt
Coswig,"Coswig, Saxony"
Coswig,Coswig/Sachsen
Vigo,Vigo Spain
Vigo,"Vigo, Spain"
Palma,Palma de Mallorca
Roermond,Remunj
Helmond,Hellimond
Helmond,Héllimond
Sant Adrià de Besòs,Sant Adria de Besos
Sant Joan Despí,Sant Joan Despi
Lenart v Slovenskih Goricah,Lenart
Lenart v Slovenskih Goricah,Lenart v Slov. Goricah
Lenart v Slovenskih Goricah,Lenart v Slovenskih goricah
Lendava,Lendva
Lendava,Alsólendva
L’Aquila,Aquila degli Abruzzi
L’Aquila,Aquila degli Abruzzi
L’Aquila,L'Aquila
L’Aquila,L'Aquila
Bari,Bare
Potenza,Potenza (Italy)
Šibenik,Sebenico
Šibenik,Sibenik
Sapinuwa,Shapinuwa
Krasnodar,Katerynodar
Krasnodar,Yekaterinodar
Belgrade,Beograd
Belgrade,City of Belgrade
Belgrade,"Belgrade, Serbia"
Belgrade,Београд
Haarlem,Haerlem
Haarlem,"Haarlem, North Holland"
Elche,Elx
Belfast,Beal Feirste
Belfast,Béal Feirste
Belfast,"Belfast, Ireland"
Cardiff,Caerdydd
Cardiff,"Cardiff, Wales"
Sarajevo,City of Sarajevo
Naples,Neapolis
Naples,Napoli
Palermo,"Palermo, Italy"
Skierniewice,Skernevitze
Skierniewice,Skernyevits
Skierniewice,Skiernivitz
Siena,Sienna
Urbino,Urbinus
Brunswick,Braunschweig
Udine,Videm
Würzburg,Kreisfreie Stadt Würzburg
Würzburg,Wörtzburch
Würzburg,Wuerzburg
Reggio Emilia,Lepidum Regium
Reggio Emilia,Reggio nell'Emilia
Reggio Emilia,Regium Lepidi
Reggio Emilia,Regium Lepidum
Forlì,Forli
Latina,"Latina, Lazio"
Foggia,Foggia (Italy)
Taranto,Taras
Taranto,Tarentum
Vibo Valentia,Monteleone di Calabria
Sassari,Sàsser
Sassari,Tàtari
Ulm,Ulm alb-Donau
Trier,Trèves
Trier,Augusta Treverorum
Trier,Treveris
Cottbus,Chóśebuz
Cottbus,Chóśebuz
Zadar,Zara
Trento,Trient
Trento,Trent
L’Aquila,Aquila
L’Aquila,Aquila
Poliçan,Polican
Laç,Laçi
Kuçovë,Kuçova
Frankfurt (Oder),Franckf. an der Oder
Frankfurt (Oder),Franckforth
Frankfurt (Oder),Frankfurt a. d. Oder
Frankfurt (Oder),Frankfurt an der Oder
Frankfurt (Oder),Frankfurt on the Oder
Frankfurt (Oder),"Frankfurt, Brandenburg"
Frankfurt (Oder),Frankfurt/Oder
Offenburg,Imperial City of Offenburg
Glasgow,"Glasgow, Scotland"
Glasgow,"Glasgow, UK"
Pula,Pola
Slavonski Brod,Brod
Slavonski Brod,Brod na Savi
Novo Mesto,Rudolfovo
Oslo,Christiania
Oslo,Kristiania
Oslo,NOOSL
Oslo,"Oslo, Norway"
Rzeszów,Resovia
Rzeszów,Risha
Rzeszów,Raishov
Koper,Capodistria
Maastricht,Maestricht
Maastricht,Mastrique
Arnhem,Arnheim
Arnhem,Èrnem
Gibraltar,gi
Gibraltar,Gib
Gibraltar,The Rock of Gibraltar
Gibraltar,🇬🇮
Messina,Messana
Messina,Missina
Syracuse,Siracusa
Syracuse,Syracusae
Syracuse,Syracus
Syracuse,Syracusa
Syracuse,"Syracuse, Sicily"
Agrigento,Agrigentum
Rubí,Rubi
Rubí,"Rubí, Barcelona"
Avilés,Aviles
Voerde,Voerde (Niederrhein)
Saarlouis,Saarlautern
Postojna,Adelberg
Radeče,Radeče (Slovenia)
Slovenska Bistrica,Vendbeszterce
Slovenska Bistrica,Windisch-Feistritz
Slovenska Bistrica,Windischfeistritz
Leer,Leer/Ostfriesland
Esch-sur-Alzette,Esch-Uelzecht
Esch-sur-Alzette,Esch/Alzette
Busko-Zdrój,Busko-Zdroj
Gargždai,Gargzdai
Krynica-Zdrój,Krynica-Zdroj
Suonenjoki,The Strawberry Town
Huskvarna,Husquarna
Veroia,Veria
Veroia,Beroia
Hämeenlinna,Tavastehus
Hämeenlinna,Hameenlinna
Rize,Rhizaion
Biskupiec,Bischofsburg
Veroia,Berea
Rzeszów,Raysha
Rzeszów,Rayshe
Rzeszów,Reichshof
Rzeszów,Reisha
Rzeszów,Řesov
Rzeszów,Řešov
Rzeszów,Riashiv
Rzeszów,Rzeszow
Rzeszów,Žesova
Rzeszów,Žešova
Rzeszów,Zheshov
Rzeszów,Zheshuv
Rzeszów,Zhezhov
Padua,Padova
Bergamo,City of Bergamo
Venice,Serenissima
Venice,Venezia
Venice,Venetia
Venice,"Venice, Italy"
Venice,Venexia
Mažeikiai,Mazeikiai
Southend-on-Sea,Southend
Southend-on-Sea,Southend on Sea
Milton Keynes,"Milton Keynes, Buckinghamshire"
Hanover,Hannover
Hanover,"Hanover, Germany"
Munich,Minga
Munich,München
Munich,Munchen
Munich,Münich
Munich,Monachium
Munich,Muenchen
Dresden,Elbflorenz
Dresden,Drezda
Saarlouis,Sarrelibre
Saarlouis,Sarrelouis
Castelló de la Plana,Castello de la Plana
Castelló de la Plana,Castellon de la Plana
Castelló de la Plana,Castellón de la Plana
Alessandria,Alexandria
Alessandria,Lisandria
Alessandria,Lisondria
Alessandria,Lisòndria
Alessandria,Lissandria
Alessandria,Lissändria
Seinäjoki,Östermyra
Seinäjoki,Seinajoki
Ähtäri,Etseri
Ähtäri,Ätsäri
Brescia,Lioness of Italy
Coventry,"Coventry, England, UK"
Coventry,"Coventry, England, United Kingdom"
Coventry,"Coventry, Warwickshire"
Coventry,"Coventry, West Midlands"
St Albans,St. Albans
Varese,Varés
Calais,Dampierre-les-Dunes
Calais,Saint-Pierre-lès-Calais (réunie à Calais)
Antalya,Adalia
Antalya,ANT
Antalya,Attalia
Antalya,AYT
Hørsholm,Horsholm
Næstved,Naestved
Sønderborg,Sonderburg
Sønderborg,Sonderborg
Sønderborg,Soenderborg
Lahti,Lahtis
Lancaster,"Lancaster, England"
Lancaster,"Lancaster, Lancashire"
Kyrenia,Girne
Kyrenia,Girne
Kyrenia,Kato Kyrenia
Kyrenia,Kato Kyrenia
Kyrenia,Kato Kyrenia Northern Cyprus
Kyrenia,Kato Kyrenia Northern Cyprus
Kyrenia,"Kato Kyrenia, Northern Cyprus"
Kyrenia,"Kato Kyrenia, Northern Cyprus"
Kyrenia,Keryneia
Kyrenia,Keryneia
Kyrenia,Kyrèneia
Kyrenia,Kyrèneia
Kyrenia,Kyrenia Northern Cyprus
Kyrenia,Kyrenia Northern Cyprus
Kyrenia,"Kyrenia, Northern Cyprus"
Kyrenia,"Kyrenia, Northern Cyprus"
Kyrenia,Pano Kyrenia
Kyrenia,Pano Kyrenia
Kyrenia,Pano Kyrenia Northern Cyprus
Kyrenia,Pano Kyrenia Northern Cyprus
Kyrenia,"Pano Kyrenia, Northern Cyprus"
Kyrenia,"Pano Kyrenia, Northern Cyprus"
Nowy Sącz,Nay Sants
Nowy Sącz,Naya Sandets
Nowy Sącz,Neisantz
Nowy Sącz,Neu-Sandez
Nowy Sącz,Novi Sach
Nowy Sącz,Novi Sansh
Nowy Sącz,Nový Sacz
Nowy Sącz,Nový Sadec
Nowy Sącz,Nowy Sacz
Nowy Sącz,Nowy Soncz
Nowy Sącz,Sandec
Nowy Sącz,Sandets
Nowy Sącz,Sandz
Nowy Sącz,Sants
Nowy Sącz,Sanz
Nowy Sącz,Tsants
Nowy Sącz,Tzanz
Nowy Sącz,Újszandec
Tbilisi,Tiflis
Tbilisi,Tbilissi
Tbilisi,Tpilisi
Tbilisi,Tpilissi
Qabala,Kutkashen
Nikšić,Niksic
Rethymno,Rethymnon
Petrovaradin,Peterwardein
Tirana,Tiranë
Tirana,Tirane
Ulvila,Ulvsby
Biała,Biała Prudnicka
Biała,Zülz
Złocieniec,Zlocieniec
Złoczew,Złoczew (Poland)
Złoty Stok,Reichenstein
Złoty Stok,Rychleby
Reykjavík,Reykjavik
Reykjavík,Reykjavikurborg
Reykjavík,Reykjavíkurborg
Bratislava,Pozsony
Bratislava,Presburg
Bratislava,Pressburg
Crotone,Crotona
Crotone,Crotone (Italy)
Livorno,Leghorn
Livorno,"Livorno, Italy"
Złoty Stok,Reichenstein in Schlesien
Zangilan,Zangеlan
Jędrzejów,Andrejew
Jędrzejów,Jedrzejow
Jędrzejów,Jędrzejów (Poland)
Jędrzejów,Jendrzejov
Jędrzejów,Jendzejova
Jędrzejów,Jendžejova
Jędrzejów,Jyndrzejuw
Jędrzejów,Jyndrzejůw
Jędrzejów,Yedzheyov
Jędrzejów,Yendzheva
Jędrzejów,Yendzheyev
Jędrzejów,Yendzheyov
Jędrzejów,Yendzhiov
Jędrzejów,Yendziv
Jędrzejów,Yendzshev
Saint-Pierre,Saint-Pierre de La Réunion
Saint-Pierre,"Saint-Pierre, Réunion"
Saint-Pierre,Saint Pierre de La Réunion
Saint-Pierre,"Saint Pierre, Réunion"
Constantinople,Constantinopolis
Constantinople,Constantinopolis
Constantinople,Constantinopolis
Constantinople,Constantinopolis
Constantinople,Istanbul
Constantinople,Istanbul
Constantinople,Istanbul
Constantinople,Istanbul
Strzegom,Striegau
Polkowice,Polkwitz
Ząbkowice Śląskie,Frankenstein
Ząbkowice Śląskie,Ząbkowice
Kırıkkale,Kirikkale
Hakkâri,Hakkari
Çorum,Corum
Kastoria,Celetrum
Manchester,"Manchester, England"
Manchester,Capital of the North
Manchester,Cottonopolis
Manchester,Madchester
Manchester,"Manchester, Lancashire"
Manchester,"Manchester, UK"
Manchester,Warehouse City
Patos,Patosi
Rrëshen,Rreshen
Esslingen am Neckar,Esslingen
Esslingen am Neckar,Esslingen/Neckar
Constance,Konstanz
Zoetermeer,Sweet Lake City
Roskilde,Roeskilde
Bergen,Bjørgvin
Helsingør,Elsinore
Helsingør,Helsingor
Almaty,Almatı
Almaty,City of Almaty
Almaty,Алматы
Ziębice,Münsterberg
Ziębice,Muensterberg
Ziębice,Münsterberg in Schlesien
Drogheda,Drogheada
Genoa,Genova
Genoa,"Genoa, Italy"
Genoa,"Genova, Italy"
Osijek,Esseg
Rijeka,Fiume
Rijeka,Pflaum
Fredericia,Frederiksodde
Fredericia,Fredriksodde
Køge,Koge
Køge,Kjoge
Chișinău,Chisinau
Chișinău,Chişinău
Chișinău,Keshenev
Chișinău,Keshinov
Chișinău,Khisinau
Chișinău,Kischinew
Chișinău,Kiscinev
Chișinău,Kishinef
Chișinău,Kishinev
Chișinău,Kishinëv
Chișinău,Kişinev
Chișinău,Kišinìv
Chișinău,Kiszyniów
Chișinău,Kyshyniv
Perth,Fair City
Perth,"Perth, Scotland"
El Puerto de Santa María,El Puerto de Santa Maria
El Puerto de Santa María,Puerto de Santa Maria
Prishtina,capital of Kosovo
Prishtina,Prishtinë
Prishtina,Priština
Prishtina,Priştine
Prishtina,Priștine
Dobra,Daber
Trzcińsko-Zdrój,Trzcińsko Zdrój
Resko,Regenwalde
Canterbury,"Canterbury, United Kingdom"
Gandia,Gandía
Sanremo,San Remo
Roubaix,Robaais
Roubaix,Roboais
Oxford,"Oxford, England"
Eleusis,Elefsina
Eleusis,Eleusina
Aubervilliers,Auber
Corfu,Kerkyra
Žilina,Silein
Žilina,Sillein
Žilina,Solna
Žilina,Zsolna
Žilina,Żylina
Trondheim,Nidaros
Trondheim,Trondhjem
Trondheim,Drontheim
Trondheim,Kaupangen
Trondheim,Trondhem
Byzantium,Constantinople
Liverpool,City of Liverpool
Liverpool,"Liverpool, England"
Liverpool,"Liverpool, Merseyside"
Liverpool,"Liverpool, UK"
Luxembourg,Luxemburg
Luxembourg,City of Luxembourg
Luxembourg,Luxembourg City
San Marino,City of San Marino
Wolin,Wolin (Poland)
Helsingør,Helsingör
Körfez,Körfez District
Bath,City of Bath
Bath,"Bath, Somerset"
Bradford,"Bradford, Yorkshire"
Annweiler am Trifels,Annweiler
Annweiler am Trifels,Annweiler am Trifels (Germany)
Annweiler am Trifels,Anweiler
Annweiler am Trifels,Sarnstall
Swansea,Abertawe
Sneek,Snits
Bristol,"Bristol, England"
Bristol,"Bristol, Gloucestershire"
Luleå,Lule
Luleå,Luleå (Sweden)
Luleå,Luulaja
Dordrecht,Dort
Dordrecht,Dordt
Magdeburg,MD
Innsbruck,Innsbruck Stadt
Stockholm,Sthlm
Stockholm,STHLM
Helsinki,Helsingfors
Helsinki,Helsingia
Helsinki,Helsingin kaupunki
Helsinki,Hesa
Helsinki,Stadi
Jizzakh,Jizzax
Bucak,"Bucak, Burdur"
Baborów,Bavorov
Baborów,Baborow
Baborów,Bauerwitz
Amsterdam,"Amsterdam, Netherlands"
Amsterdam,A'dam
Amsterdam,"Amsterdam, NL"
Amsterdam,Mokum
Białystok,Balstogė
Białystok,Baltstogė
Białystok,Bialystok
Białystok,Biełastok
Białystok,Bjalistok
Białystok,Byalistok
Białystok,Byelastok
Białystok,Byelostok
Lewin Brzeski,Löwen
Astara,Astara (Azerbaijan)
Edinburgh,Dùn Èideann
Edinburgh,"Edinburgh, Scotland"
Bihać,Bihac
Hereford,City of Hereford
Hereford,"Hereford, Herefordshire"
City of London,London
City of London,City and County of the City of London
City of London,City of London (unparished area)
City of London,Square Mile
City of London,the City
Edinburgh,Edina
Edinburgh,Edinburg
Edinburgh,City of Edinburgh
Edinburgh,Modern Athens
Edinburgh,Auld Reekie
Edinburgh,Athens of the North
Annopol,Annopol-Rachow
Annopol,Annopol-Rachów
Annopol,Anapol
Annopol,Annopol (Lublin)
Annopol,Rachow-Annopol
Annopol,Rachów-Annopol
Ozimek,Malapane
Wyszogród,Wyszogrod
Wyszogród,Wyszogród (Poland)
Praszka,Praschkau
Bad Wilsnack,Wilsnack
Rotterdam,R'dam
Rotterdam,Roffa
Rotterdam,Rotjeknor
Almaty,Alma-Ata
Siedlce,Sedl'tse
Siedlce,Sedlce
Siedlce,Sedlets
Siedlce,Shedlets
Siedlce,Shedlits
Siedlce,Shedlitz
Senaki,Tskhakaya
Brčko,Brcko
Prijedor,Prijedor (Bosnia and Herzegovina)
Sępólno Krajeńskie,Zempelburg
Staszów,Stashev
Staszów,Stashuv
Staszów,Stasova
Staszów,Stašova
Staszów,Staszow
Uusikaupunki,Nystad
Lichfield,Leitocaiton
Lichfield,"Lichfield, Staffordshire"
Bijelo Polje,Bijelo Polje (Černá Hora)
Chichester,"Chichester, West Sussex"
Hyvinkää,Hyvinge
Hyvinkää,Hyvinkaa
Ely,"Ely, Cambridgeshire"
Kirkenes,Girkonjarga
Kirkenes,Girkonjárga
Kirkenes,Kirkkoniemi
Edessa,Vodena
Edessa,Edessa (Greece)
Dusheti,Dushet
Çaldıran,"Caldiran (District), Van"
Çaldıran,"Çaldıran (District), Van"
Çüngüş,Cuengues
Çüngüş,Cungus
Écija,Astigi
Écija,Ecija
Écija,Augusta Firma Astigi
Écija,Colonia Augusta Firma Astigi
Écija,"Ecija, Sevilla"
Écija,"Écija, Sevilla"
Écija,"Ecija, Seville"
Écija,"Écija, Seville"
Écija,"Ecija, Spain"
Écija,"Écija, Spain"
Woźniki,Wożniki
Dobra,"Dobra, powiat turecki"
Järvenpää,Träskända
Järvenpää,Jarvenpaa
Borjomi,Borzhomi
Komotini,Giumurdzina
Kerava,Kervo
Muğla,Mugla
Lwówek Śląski,Löwenberg
Lwówek Śląski,Löwenberg in Schlesien
Nevşehir,Neapolis
Nevşehir,Nevsehir
Düzce,Duzce
Pyhäjärvi,Pyhäjärvi Ol
Pyhäjärvi,Pyhäsalmi
Raszków,Raszkow
Byczyna,Byčina
Byczyna,Pitschen
Uppsala,Upsala
Leeuwarden,Ljouwert
Leeuwarden,Leewadden
Leeuwarden,Liwwadden
Leeuwarden,Luwt
Créteil,Creteil
Espoo,Esbo
Espoo,Espoon kaupunki
Caravaca de la Cruz,Caravaca
Bangor,"Bangor, Gwynedd"
Chełm,Kholm
Pointe-à-Pitre,La Pointe
Pointe-à-Pitre,Lapwent
Pointe-à-Pitre,Pointe à Pitre
Pointe-à-Pitre,Pwentapit
Þorlákshöfn,Thorlakshofn
Ropczyce,Ropczyce (Poland)
Świętochłowice,Swietochlowice
Świętochłowice,Świętochłowice (Poland)
Trabzon,Trebizond
Oulu,Uleaborg
Oulu,Uleåborg
Toruń,Torun
Toruń,Thorn
Przemyśl,Przemysl
Przemyśl,Peremyschl
Przemyśl,Peremyshl
Przemyśl,Peremyshl'
Przemyśl,Peremyšl
Przemyśl,Praemislia
Przemyśl,Premishla
Przemyśl,Premisle
Przemyśl,Premissel
Przemyśl,Premslau
Przemyśl,Prezhemisel
Przemyśl,Pshemishel
Przemyśl,Pshemishl
Przemyśl,Pshemysl
Podujeva,Podjevë
Podujeva,Podujevë
Opoczno,Опочно
Opoczno,אופוצ'נו
Opoczno,אפאטשנא
Ciechanowiec,Ciechanowiec (Poland)
Brzeg Dolny,Dyhernfurth
Skenderaj,Srbica
Janów Lubelski,Janow Lubelski
Janów Lubelski,Janów Lubelski (Poland)
Mirsk,Friedeberg
Burrel,Burreli
Salford,"Salford, Greater Manchester"
Kayseri,Caesarea
Kayseri,Eusebia
Kayseri,Caesarea in Cappadocia
Kayseri,Caesarea Mazaca
Kayseri,Eusebia at the Argaeus
Kayseri,Kaisariyah
Kayseri,Mazaca
Kayseri,Mazaka
Poddębice,Poddembice
Poddębice,Poddembitz
Poddębice,Wandalenbrück
Wieruszów,Wieruszow
Wieruszów,Wieruszów (Poland)
Miechów,Miechow
Miechów,Mehova
Miechów,Mekhev
Miechów,Mekhuv
Miechów,Miechov
Miechów,Mjechuw
Miechów,Mjechůw
Miechów,Myekhov
Miechów,Мехаy
Miechów,Мехаў
Żnin,Żnin (Poland)
Húsavík,Husavik
Nakhchivan,Nakhichevan
Pljevlja,Municipium S
Pljevlja,Plevlje
Pljevlja,Pljevlja (Montenegro)
Dziwnów,Dziwnow
Bystrzyca Kłodzka,Bistžica Klodzka
Bystrzyca Kłodzka,Habelschwerdt
Slatina,Podravska Slatina
Rîbnița,Râbnița
Rîbnița,Râbnița
Rîbnița,Râbnița
Rîbnița,Râbnița
Rîbnița,Râbnița
Rîbnița,Râbnița
Rîbnița,Râbnița
Rîbnița,Râbnița
Rîbnița,Râbnița
Trzebiatów,Trzebiatow
Bytów,Bytow
Węgliniec,Kohlfurt
Goleniów,Goleniow
Borriana,Burriana
Wolbórz,Wolborz
Ścinawa,Steinau
Ścinawa,Steinau an der Oder
Środa Śląska,Neumarkt
Fuenlabrada,Fuenlabrada es la mejor ciudad del mundo
Novi Sad,Ujvidek
Novi Sad,Újvidék
Novi Sad,Нови Сад
Olesno,Rosenberg
Namysłów,Namslau
Środa Śląska,Neumarkt in Schlesien
Świdnica,Schweidnitz
Zabrze,Hindenburg
Zabrze,Zobrze
Chorzów,Chorzow
Chorzów,Königshütte
Kırşehir,Kirshehir
Police,Pölitz
Police,"Police, West Pomeranian Voivodeship"
Čačak,Gradac
Čačak,Cacak
Čačak,Чачак
Berane,Ivangrad
Kauniainen,Grankulla
Edessa,"Edessa, Greece"
Vlaardingen,Flardingue
Kukës,Kukes
Kukës,Kukësi
Mirsk,Friedeberg am Queis
Mirsk,Friedeberg im Isergebirge
Halinów,Halinow
Sobótka,Zobten am Berge
Kąty Wrocławskie,Kanth
Ocnița,Ocniţa
Sjenica,Sjenica (Serbia)
Podujeva,Besiana
Podujeva,Besianë
Podujeva,Podjeva
Aigio,Aigion
Aigio,Vostizza
Aigio,Vostitsa
Ukmergė,Ukmerge
Ukmergė,Ukmergė (Lithuania)
Ukmergė,Vilkmerge
Ukmergė,Vilkmergė
Ukmergė,Wiłkomierz
Ukmergė,Wilkomir
Ukmergė,Вількамір
Ukmergė,Укмерге
Kórnik,Kornik
Gniezno,Gnesen
Gniezno,Gnesna
Grodzisk Wielkopolski,Grätz
Jarocin,Kesselberg
Jarocin,Jarotschin
Leszno,Lissa
Leszno,Polnisch Lissa
Rawicz,Rawitsch
Swarzędz,Schwersenz
Swarzędz,Schwaningen
Aleksandrów Kujawski,Aleksandrow Kujawski
Myślenice,Myslenice
Drawsko Pomorskie,Dramburg
Trzebiatów,Treptow an der Rega
Hanko,Hangö
Hanko,Hanko (Finland)
Kokkola,Karleby
Kokkola,Gamlakarleby
Kırşehir,Kirşehir
Grevenmacher,Gréivemaacher
Pyrgos,Pirgos
Pyrgos,Pyrgos Eleias
Pyrgos,Pyrgos Ilias
Rîbnița,Râbnița
Cieszanów,Cieszanow
Kuşadası,Kusadasi
Wells,"Wells, Somerset"
Akhaltsikhe,Lomsia
Andrijevica,Andrievitsa
Tremblay-en-France,Tremblay
Tremblay-en-France,Tremblay-les-Gonesse
Tremblay-en-France,Tremblay-lès-Gonesse
Tremblay-en-France,Tremblay-sans-Culottes
Podgorica,Podgoritsa
Podgorica,Burguriçe
Podgorica,Capital of Montenegro
Podgorica,Podgoritza
Podgorica,Titograd
Viekšniai,V'yekshnyay
Viekšniai,Veckshna
Viekšniai,Veiksne
Viekšniai,Vėikšnē
Viekšniai,Vekshne
Viekšniai,Vekshni
Viekšniai,Vekshnya
Viekšniai,Vekshnyay
Viekšniai,Vieksni
Viekšniai,Viekšņi
Viekšniai,Vieksniai
Viekšniai,Vieksniu
Viekšniai,Viekšnių
Viekšniai,Viyekshnyay
Viekšniai,Vyekshnya
Viekšniai,Wiekschnen
Viekšniai,Wieksznie
Karlovy Vary,Carlsbad
Karlovy Vary,Karlsbad
Karlovy Vary,"Karlsbad, West Bohemia"
Karlovy Vary,"Karlsbad, Westböhmen"
Ninove,Nienof
Santa Cruz de La Palma,S/C de La Palma
Santa Cruz de La Palma,Santa Cruz de la Palma
Alytus,Alitus
Pacanów,Pacanow
Sulechów,Sulechow
Sulechów,Züllichau
Sanlúcar de Barrameda,Sanlucar
Sanlúcar de Barrameda,Sanlúcar
Sanlúcar de Barrameda,San Lucar
Sanlúcar de Barrameda,San Lúcar
Sanlúcar de Barrameda,Sanlucar de Barrameda
Salo,Salo (Finland)
Madinat Al-Zahra,Caliphate City of Medina Azaharaa
Madinat Al-Zahra,Delimitación de Madinat al-Zahra
Pitsunda,Bichvinta
Nova Varoš,Nova Varoš (Serbia)
Hamina,Fredrikshamn
Hamina,Hamina (Finland)
Menace,Mainake
Mediaș,Medias
Mediaș,Medgyes
Mediaș,Mediaş
Mediaș,Mediasch
Świebodzin,Swiebodzin
Świerzawa,Schönau an der Katzbach
Niemcza,Nimptsch
Dunkirk,Dunkerque
Dunkirk,Duinkerke
Dunkirk,Dune-Libre
Dunkirk,Dünkirchen
Łasin,Lessen
Bolnisi,Katharinenfeld
Brzozów,Brzozow
Semey,Semipalatinsk
Koszalin,Köslin
Zug,Zug ZG
Vitry-sur-Seine,Vitry
Dąbrowa Górnicza,Dombrowa
Ruda Śląska,Ruda Slaska
Huși,Husi
Huși,Huşi
Huși,Huși (Romania)
Huși,Hussburg
Huși,Huszvaros
Huși,Huszváros
Şəmkir,Annenfeld
Şəmkir,Shamkhor
Şəmkir,Shamkir
Šalčininkai,Soleczniki
Aberdeen,The Silver City
Aberdeen,Aiberdeen
Aberdeen,Aiberdein
Aberdeen,Obar Dheathain
The Hague,Haag
The Hague,Hague
Milicz,Militsch
Trzebnica,Trebnitz
Głubczyce,Hlubčice
Głubczyce,Leobschütz
Myślibórz,Soldin
Iwonicz-Zdrój,Iwonicz-Zdroj
Kelmė,Kelme
Kristinestad,Kristiinankaupunki
Ripon,"Ripon, North Yorkshire"
Weitra,Vitoraz
Nykarleby,Lapuanjoensuu
Nykarleby,New Karleby
Nykarleby,Uusikaarlepyy
Jaraczewo,"Jaraczewo, Jarocin County"
Głuchołazy,Ziegenhals
St Davids,St. Davids
St Davids,Tyddewi
Jezkazgan,Dzhezkazgan
Jezkazgan,Zhezkazgan
Szigetszentmiklós,Szigetszentmiklos
Piaseczno,Piasetchna
Piaseczno,Pisetsne
Piaseczno,Pyasechno
Remich,Réimech
Ikaalinen,Ikalis
Kėdainiai,Kedainiai
Kėdainiai,Kiejdany
Kaarina,S:t Karins
Kaarina,Sankt Karins
Prnjavor,Prnjavor (Bosnia and Herzegovina)
Opatówek,Opatowek
Przedbórz,Przedborz
Przedbórz,Przedbórz (Poland)
Dunavarsány,Dunavarsany
Płock,Plock
Płock,Schröttersburg (1941-1945)
Gorzów Wielkopolski,Gorzow Wielkopolski
Gorzów Wielkopolski,Gorzow-Wielkopolski
Gorzów Wielkopolski,Landsberg an der Warthe.
Bandırma,Panormos
Bandırma,Bandirma
Lohja,Lojo
Łomża,Lomzha
Łomża,Lomzhe
Sosnowiec,Sosnovets
Sosnowiec,Sosnovice
Sosnowiec,Sosnovits
Sosnowiec,Sosnovitz
Sosnowiec,Sosnovitze
Sosnowiec,Sosnovyets
Sosnowiec,Sosnowez
Gliwice,Gleiwitz
The Hague,'s-Gravenhage
The Hague,Den Haag
Aabenraa,Åbenrå
Zhytomyr,Zhitomir
Zhytomyr,Žitomir
Zhytomyr,Žitómir
Zhytomyr,Żytomierz
Zhytomyr,Žytómyr
Żychlin,Sychlin
Żychlin,Szichlin
Żychlin,Zakhlin
Żychlin,Zekhlin
Żychlin,Zhichlin
Żychlin,Zhikhlin
Żychlin,Zichlin
Żychlin,Zshikhlin
Żychlin,Zychlin
Żychlin,Zykhlin
Agia Paraskevi,"Agia Paraskevi, Attica"
Lugau,Lugau/Erzgebirge
Legnica,Liegnitz
Bielsko-Biała,Bielsko-Biala
Khyrdalan,Khirdalan
Ostrzeszów,Ostrzeszow
Prusice,Prausnitz
Ujar,Ucar
Telenești,Telenesht
Telenești,Telenesht'-Tyrg
Telenești,Teleneshty
Telenești,Teleneşti
Telenești,Telenesti Sat
Telenești,Teleneşti Târg
Telenești,Teleneszty
Telenești,טעלענעשט
Telenești,טעלענעשטי
St Davids,St. David's
Tornio,Torne
Tornio,Duortnus
Tornio,Torneå
Gümüşhane,Argyroupoli
Gümüşhane,Gumushane
Grójec,Grojec
Grójec,Grójec (Poland)
Širvintos,Širvintai
Švenčionėliai,Svencioneliai
Rapperswil,Rapperswil SG
Dubăsari,Dubasari
Dubăsari,Dubasari
Dubăsari,Dubossary
Dubăsari,Dubossary
Râmnicu Sărat,Ramnicu Sarat
Râmnicu Sărat,Rümnick
Raahe,Brahestad
Raahe,Raahe (Finland)
Aksu,Aqsu
Aksu,Aqsu
Aksu,"Aksu, Kazakhstan"
Aksu,"Aksu, Kazakhstan"
Bolimów,Bolimow
Agrinio,Agrinion
Agrinio,Vrachori
Rzgów,Rzgow
Akaa,Ackas
Orhei,Orheiu
Orhei,Orgeev
Orhei,Orgeyev
Orhei,Orgieev
Orhei,Orgiejew
Orhei,Orgijow
Orhei,Orgijów
Orhei,Orhaiv
Orhei,Orhein
Orhei,Orheyev
Orhei,Orhiiv
Orhei,Orkey
Orhei,Orkhei
Orhei,Orkhey
Strzelin,Strehlen
Jeżów,"Jeżów, powiat brzeziński"
Oricum,Orikon
Cobh,Queenstown
Orahovac,Rahovec
Southampton,Soton
Southampton,"Southampton, Hampshire"
Southampton,"Southampton, UK"
Konya,Iconium
Zielona Góra,Grünberg in Silesia
Zielona Góra,Zielona Gora
Przemków,Primkenau
Dąbie,Eichstädt
Otmuchów,Ottmachau
Kolonowskie,Colonnowska
Stryków,Strickau
Stryków,Strikova
Stryków,Strykow
Stryków,Strykuv
Elbasan,City of flowers
Elbasan,Elbasan (Albania)
Bar,Antibari
Bar,Antivari
Bar,Stari Bar
Bar,Tivar
Bar,Tivari
Korçë,Corcia
Korçë,Coriza
Korçë,Korça
Korçë,Korcia
Ballsh,Ballshi
Jonava,Janau
Jonava,Janow
Jonava,Janów
Jonava,Janova
Jonava,Yanova
Jonava,Janowo
Jonava,Janowa
Jonava,Ianovo
Jonava,Ionava
Jonava,Janovo
Jonava,Janow nad Wilia
Jonava,Janów nad Wilią
Jonava,Jonavos Miestelis
Jonava,Juonava
Jonava,Yanove
Jonava,Yonava
Kemijärvi,Giemajavri
Kemijärvi,Giemajávri
Kemijärvi,Kemiträsk
Odolanów,Odolanow
Petroșani,Petrosani
Petroșani,Petroşani
Petroșani,Petroschen
Petroșani,Petrozseny
Petroșani,Petrozsény
Vitry-sur-Seine,Port-à-l'Anglais (village de Vitry-sur-Seine)
Vitry-sur-Seine,Port-de-Marat
Portsmouth,"Portsmouth, Hampshire"
Portsmouth,"Portsmouth, England"
Kluczbork,Kreuzburg
Kluczbork,Kreuzburg in Oberschlesien
Głuchołazy,Bad Ziegenhals
Czaplinek,Tempelburg
Savonlinna,Nyslott
Suva Reka,Theranda
Suva Reka,Suhareka
Užice,Uzice
Radom,Rodem
Radom,Rudem
Słupsk,Stolp
Miskolc,Miskovec
Corinth,Korinthos
Częstochowa,Čenstochová
Częstochowa,Chenstochov
Częstochowa,Chenstokhov
Częstochowa,Chenstokhova
Częstochowa,Chestokhova
Częstochowa,Czestochowa
Częstochowa,Tschenstochau
Częstochowa,Tshenstokhov
Międzybórz,Medzibor
Międzybórz,Neumittelwalde
Skuodas,Schoden
Tskhinvali,Tskhinval
Pabradė,Podbrodzie
Rabka-Zdrój,Rabka-Zdroj
Wołczyn,Konstadt
Wołczyn,Konstadt am Stober
Olsztyn,Allenstein
Olsztyn,Dajtki
Żabno,Zabno
Żarów,Saarau
Żmigród,Trachenberg
Nowy Korczyn,Nowy Korczyn (Poland)
Piaski,Piaski Luterskie
Sępopol,Schippenbeil
Pargas,Länsi-Turunmaa
Pargas,Parainen
Pargas,Pargas stad
Pargas,Väståboland
Baranów Sandomierski,Baranow Sandomierski
Góra,Guhrau
Zardab,Zerdab
Loviisa,Lovisa
Iisalmi,Idensalmi
Węgorzewo,Angerburg
Węgorzewo,Ungura
Tskhinvali,Chreba
Tskhinvali,Krtskhilvani
Tskhinvali,Krtskhinvali
Tskhinvali,Tskhinvál
Tskhinvali,Цхинвал
Tskhinvali,Чъреба
Tskhinvali,ცხინვალი
Tskhinvali,Staliniri
Charleroi,Chålerwè
Charleroi,Tchålerwè
Olomouc,Olmütz
Korfantów,Friedland
Korfantów,Friedland in Oberschlesien
Krzepice,Krzepice (Poland)
Ferizaj,Uroševac
Gjilan,Gnjilane
Rovaniemi,Roavenjarga
Rovaniemi,Roavenjárga
Rovaniemi,Roavvenjarga
Rovaniemi,Roavvenjárga
Rovaniemi,Ruäʹvnjargg
Rovaniemi,Ruavinjarga
Rovaniemi,Ruávinjargâ
Kilkenny,Cill Chainnigh
Kołobrzeg,Kolberg
Kołobrzeg,Colberg
Kołobrzeg,Kolobrzeg
Bălți,Bălţi
Bălți,Bălţi (Moldova)
Bălți,Baltsy
Bălți,Bel'tsi
Bălți,Bel'tsy
Bălți,Belts'
Bălți,Beltsy
Bălți,Beltzy
Bălți,Belzy
Bălți,Bielce
Bălți,Bieltsi
Bălți,Byelcy
Bălți,בלץ (מולדובה)
Kamenica,Dardana
Gobustan,Qobustan
Olkusz,Ilkenau
Durrës,Durres
Węgorzewo,Unguris
Gemlik,Cius
Gheorgheni,Gyergyoszentmiklos
Gheorgheni,Gyergyószentmiklós
Gheorgheni,Niklasmarkt
Băilești,Bailesti
Băilești,Băileşti
Tokmak,Velykyi Tokmak
Heraklion,Heraclion
Heraklion,Irakleion
Heraklion,Iraklion
Ujazd,Ujest
Lubawka,Liebau
Twardogóra,Festenberg
Arkalyk,Arqalyq
Głuszyca,Wüstegiersdorf
Aberdeen,Granite City
Cork,Corcaigh
Opole,Oppeln
Chrzanów,Chrzanow
Chrzanów,Chrzanůw
Chrzanów,Krenau
Chrzanów,Kshanov
Gaziantep,Aintab
Gaziantep,Ain-Tab
Gaziantep,Antep
Drezdenko,Driesen
Olite/Erriberri,Erriberri
Olite/Erriberri,Olite
Sangüesa/Zangoza,Sangüesa
Sangüesa/Zangoza,Zangoza
Amfissa,Salona
Amfissa,Aulon
Amfissa,Amphissa
Wałbrzych,Waldenburg
Peja,Pejë
Stryków,Strikov
Kičevo,Kichevo
Sukhumi,Sokhumi
Sukhumi,Sokhumi
Sukhumi,Sokhumi
Sukhumi,Sokhumi
Sukhumi,Sokhumi
Sukhumi,Sokhumi
Sukhumi,Sokhumi
Sukhumi,Souchoum Kale
Sukhumi,Souchoum Kale
Sukhumi,Souchoum Kale
Sukhumi,Souchoum Kale
Sukhumi,Souchoum Kale
Sukhumi,Souchoum Kale
Sukhumi,Souchoum Kale
Sukhumi,Suhum-Kale
Sukhumi,Suhum-Kale
Sukhumi,Suhum-Kale
Sukhumi,Suhum-Kale
Sukhumi,Suhum-Kale
Sukhumi,Suhum-Kale
Sukhumi,Suhum-Kale
Algeciras,Algesiras
Karaganda,Karagandy
Karaganda,Qaraghandy
Laitila,Letala
Bardo,Wartha
Basarabeasca,Românești
Basarabeasca,Romanovca
Aktobe,Aktjubinsk
Aktobe,Aktubinsk
Aktobe,Aktyubinsk
Aktobe,Aqtobe
Mszczonów,Mszczonow
Mszczonów,Mszczonów (Poland)
Iğdır,Igdir
Gostivar,Gostivari
Bitola,Monastir
Bitola,Manastir
Piotrków Trybunalski,Petrikov
Piotrków Trybunalski,Petrikau
Piotrków Trybunalski,Petrikev
Piotrków Trybunalski,Petrokov
Piotrków Trybunalski,Petrokow
Piotrków Trybunalski,Piotrków
Piotrków Trybunalski,Piotrkow Trybunalski
Piotrków Trybunalski,Piotrkuv
Piotrków Trybunalski,Pyetrkuv
Piotrków Trybunalski,Trybunalski
Angers,Fruits-Sucrés
Angers,Gaie-Vallée
Angers,Peu-de-Fonds
Angers,Saint-Augustin (réunie à Angers)
Angers,Saint-Léonard (réunie à Angers)
Angers,Saint-Samson (réunie à Angers)
Bodø,Bodo
Shusha,Shushi
Shusha,Panahabad
Bodø,Bodö
Bodø,Bådåddjo
Birkirkara,B'Kara
Birkirkara,BKara
Vaasa,Wasa
Vaasa,Mustasaari
Vaasa,Vasa
Vaasa,Mussor
Vaasa,Nikolainkaupunki
Vaasa,Nikolaistad
Diyarbakır,Amed
Olomouc,Statutární město Olomouc
Szeged,Segedin
Szeged,Seghedin
Szeged,Segedín
Szeged,Segedo
Szeged,Segedyn
Szeged,Seghedino
Szeged,Szegedin
Kingston upon Hull,"Hull, England"
Kingston upon Hull,"Hull, England"
Kingston upon Hull,"Hull, Yorkshire"
Kingston upon Hull,"Hull, Yorkshire"
Kingston upon Hull,Kingston-upon-Hull
Kingston upon Hull,Kingston-upon-Hull
Niš,Naissus
Niš,Nis
Niš,Nisa
Niš,Nish
Stepanakert,Khankendi
Fort-de-France,Fodfwans
Fort-de-France,Fort de France
Fort-de-France,Fort of France
Fort-de-France,Fort-Royal
La Rochelle,Rochelle
St. Pölten,Sankt Pölten
Krosno,Krośnie
Varėna,Varena
Naujoji Akmenė,Naujoji Akmene
Torrent,Torrente
Sharur,Norashen
Sharur,Iliich
Oskemen,Ust-Kamenogorsk
Derry,Londonderry
Derry,Derry City
Derry,"Derry, Northern Ireland"
Derry,Doire
Derry,Londonderry (Northern Ireland)
Vlorë,Avlona
Vlorë,Vlora
Vlorë,Vlore
Vlorë,Vlorë (Albania)
Bursa,Broussa
Cluj-Napoca,Napoca
Cluj-Napoca,Claudiopolis
Cluj-Napoca,Cluj
Cluj-Napoca,Klausenburg
Cluj-Napoca,Kluyzenburg
Cluj-Napoca,Kluž
Cluj-Napoca,Kluzh
Cluj-Napoca,Kolozhvar
Cluj-Napoca,Kolozsvar
Cluj-Napoca,Kolozsvár
Cluj-Napoca,Kolozvar
Kruševo,Crushuva
Kruševo,Cruşova
Kruševo,Krushevë
Kruševo,Κρούσοβο
Kruševo,Крушево
Veles,"Veles, North Macedonia"
Diyarbakır,Amida
Diyarbakır,Diarbekir
Diyarbakır,Diyarbakir
Ústí nad Labem,Aussig
Ústí nad Labem,Außig
Ústí nad Labem,Usti nad Labem
Van,"Van, Turkey"
Leicester,"Leicester, England"
Pavlodar,Imakia
Pavlodar,Imekia
Pavlodar,Jamisch
Pavlodar,Pavldar
Pavlodar,Yamakkiyya
Pavlodar,Yimakiya
Pavlodar,Yimäkiya
Pavlodar,Khakan-Kimak
Pavlodar,Imakiya
Pavlodar,Khakan Kimak
Atyrau,Guryev
Grindavík,Grindavik
Gjakova,Đakovica
Constanța,Constanta
Constanța,Constanţa
Constanța,Konstanca
Constanța,Konstanza
Kars,Qers
Vantaa,Vanda
Vantaa,Helsinge
Vantaa,Helsingin pitäjä
Vantaa,Helsinge kommun
Vantaa,Helsingin maalaiskunta
Ostroróg,Ostrorog
Lwówek,Lwowek
Borek Wielkopolski,Borek
Wąsosz,Herrnstadt
Drobin,Drobin (Poland)
Gjirokastër,Gjirokaster
Mieroszów,Friedland
Mieroszów,Friedland in Niederschlesien
Lądek-Zdrój,Bad Landeck
Nemenčinė,Nemencine
Lubomierz,Liebenthal
Salisbury,"Salisbury, England"
Leśna,Marklissa
Nysa,Neisse
Nysa,Neiße
Belsh,Belshi
Culemborg,Gemeente Culemborg
Höfn,Hofn
Kupiškis,Kupiskis
Saint Peter Port,Parish of St Peter Port
Saint Peter Port,St Peter Port
Saint Peter Port,St. Peter Port
İskenderun,Iskenderun
İskenderun,Alexandretta
İskenderun,Scanderoon
Serhetabat,Guşgy
Ulanów,Ulanow
Selçuk,Selcuk
Priverno,Privernum
Kingston upon Hull,Hull
Kingston upon Hull,Hull
Panevėžys,Panevezys
Kaskinen,Kaskinen (Finland)
Siechnice,Tschechnitz
Dobrodzień,Guttentag
Cork,Corke
Cork,Cork City
Cork,Cork Liberties
Cork,Corke Lib.
Cork,Corke Liberties
Cork,Corke Libts.
Pardubice,Město Pardubice
Pardubice,Pardubitz
Pardubice,Statutární město Pardubice
Rauma,Raumo
Lublin,Lublino
Lublin,Lyublin
Shymkent,Chimkent
Reyðarfjörður,Reydarfjordur
Stykkishólmur,Stykkisholmur
Nowe Miasto nad Pilicą,Neumark an der Pilitza
Nowe Miasto nad Pilicą,Nowe Miasto nad Pilicą (Poland)
Blönduós,Blonduos
Bobastro,Bobastro (Ardales)
Bobastro,Bobastro ruins
Bolungarvík,Bolungarvik
Nidaros,Niðarós
Nidaros,Niðaróss
Wyszków,Wyszkow
Wyszków,Wyszków (Poland)
Toplița,Töplitz
Toplița,Marosheviz
Toplița,Maroshévíz
Toplița,Toplita
Toplița,Topliţa
Bogatynia,Reichenau
Bogatynia,Reichenau in Sachsen
Grudziądz,Graudenz
Dundee,City of Dundee
Zawadzkie,Zawadzki
Gryfice,Greifenberg in Pommern
Cannes,AS Cannes
Ajaccio,Aghjacciu
Ajaccio,Aiaccio
Ajaccio,Aiacciu
Nowogrodziec,Naumburg
Nowogrodziec,Naumburg am Queis
Kietrz,Katscher
Newport,"Newport, Monmouthshire"
Newport,Casnewydd
Newport,Newport-on-Usk
Newport,"Newport, Gwent"
Newport,"Newport, South Wales"
Wieluń,Wielun
Kielce,Kel'tse
Kielce,Kel'tsy
Kielce,Kelts
Kielce,Keltz
Kielce,Kilts
Kielce,Kiltz
Bytom,Beuthen
Gorzów Śląski,Landsberg
Salisbury,"Salisbury, Wiltshire"
Salisbury,New Sarum
Oral,Uralsk
Olivenza,Olivença
Olivenza,Olivença
Wrexham,Wrecsam
Petropavl,Petropavlovsk
Kokshetau,Kökshetaū
Taldykorgan,Taldyqorghan
Gorzów Śląski,Landsberg in Oberschlesien
Międzylesie,Mittelwalde
Radków,Wünschelburg
"Wielbark, Warmian-Masurian Voivodeship",Wielbark
Wiązów,Wansen
Krasnobród,Krasnobrod
Piotrków Kujawski,Piotrkow Kujawski
Syców,Groß Wartenberg
Sompolno,Sompolno (Poland)
Donji Milanovac,Donji Milanovac (Serbia)
Izbica Kujawska,Izbica
Izbica Kujawska,Izbitz
Poniec,Punitz
Zdzieszowice,Deschowitz
Plzeň,Pilsen
Plzeň,Statutární město Plzeň
Martuni,Khojavend
Lachin,Berdzor
Lachin,Abdallar
Lachin,Abdalyar
Lachin,Lachyn
Toszek,Tost
Prószków,Proskau
Syców,Wartenberg
Larissa,Larisa
Larissa,Lárisa
Wels,"Wels, Austria"
City of Westminster,Westminster
City of Westminster,"City of Westminster, London, England"
City of Westminster,Westminster (unparished area)
Búðardalur,Budardalur
Satpayev,Nikolskiy
Satpayev,Nikolskiy
Satpayev,Satbayev
Satpayev,Satbayev
North Nicosia,N. Nicosia
North Nicosia,Northern Nicosia
's-Hertogenbosch,Oeteldonk
's-Hertogenbosch,Bois-le-Duc
's-Hertogenbosch,Den Bosch
's-Hertogenbosch,Moerasdraak
's-Hertogenbosch,s-Hertogenbosch
Aydın,Aydin
Sheffield,"Sheffield, England"
Sheffield,"Sheffield, South Yorkshire"
York,Jorvik
York,Jórvík
Bydgoszcz,Bydgostia
Bydgoszcz,Bromberg
Derby,"Derby, Derbyshire"
Leiden,Leyden
Leiden,Lugdunum Batavorum
Pińczów,Pińczów (Poland)
Pudasjärvi,Pudasjärvi (Finland)
Atil,Itil
Santo Tirso,Santo Tirso Municipality
Nowogród,Nowogrod
Tuchów,Tuchow
Maassluis,Maaslandsluis
Maassluis,Maeslandsluys
Prienai,"Prienai, Kaunas"
Prienai,"Prienai, Lithuania"
Uniejów,Uniejow
Uniejów,Uniejów (Poland)
Norwich,"Norwich, England"
Norwich,"Norwich, Norfolk"
Székesfehérvár,Stuhlweissenburg
Adapazarı,Sakarya
Derik,"Derik, Turkey"
Neskaupstaður,Neskaupstadur
Yatağan,"Yatağan, Muğla"
Lezhë,Lezha
Lezhë,Lesh (archaic)
Doboj,City of Doboj
Doboj,Municipality of Doboj
Huittinen,Hvittis
Huittinen,Vittis
Hann. Münden,Hannoversch Münden
Hann. Münden,Münden
Niemodlin,Falkenberg
Czchów,Czchow
Havelse,Garbsen-Havelse
Seleucia Pieria,Seleucia by the Sea
Seleucia Pieria,Seleucia in Pieria
Seleucia Pieria,Suedia
San Juan de Aznalfarache,"San Juan, Seville"
San Juan de Aznalfarache,"San Juan, Spain"
Socuéllamos,Socuellamos
Divjakë,Divjaka
Ostrów Lubelski,Ostrow Lubelski
Tyszowce,Tyszowce (Poland)
Suchedniów,Suchedniow
Zagórz,Zagorz
Zwierzyniec,Zvezhynets (Poland)
"Koszyce, Lesser Poland Voivodeship",Koszyce
Aghstafa,Ağstafa
Kratovo,"Kratovo, North Macedonia"
Agsu,Aghsu
Aghjabadi,Aghjabedi
Agdash,Aghdash
Merano,Meran
Galway,Gaillimh
Galway,Cathair na Gaillimhe
Galway,Galway City
Galway,Gallway
Galway,Gallway T.
Galway,Gallway Town
İzmit,Izmit
Elazığ,Harput
Elazığ,Mamuretülaziz
Kitee,Kides
Hondarribia,Fuenterrabia
Radviliškis,Radviliskis
Sinop,Sinope
Královo Pole,Kralovo Pole
Thurii,Thurium
Saint-Germain-des-Prés,Saint-Germain-des-Pres
Kędzierzyn-Koźle,Kandrzin-Cose
Durham,"Durham, England"
Durham,Durham City
Hradec Králové,Hradec Kralove
Hradec Králové,Königgrätz
Tekirdağ,Rodosto
Tekirdağ,Tekfur Dagh
Tekirdağ,Tekirdag
Tekirdağ,Tekirdağ (Turkey)
Chania,Chaniá
Chania,Haniá
Yenice,Çeltik
Banja Luka,Banjaluka
Jyväskylä,Jyvaskyla
Opatów,Apt
Opatów,Apta
Opatów,Opatov
Opatów,Opatow
Warka,Varka
Warka,Vorke
Warka,Vurka
Warka,Vurke
Warka,Warka (Poland)
"Klos, Mat",Klos
"Klos, Mat",Klosi
Iasos,Iassos
Iasos,Iasus
Kłodzko,Glatz
Kłodzko,Kladsko
Patras,Patra
Patras,Patrai
Błonie,Błonie (Poland)
Radzymin,Radzymin (Poland)
Kosonsoy,Kasansay
Lesko,Lisko
Krynki,Krienek
Krynki,Krinek
Krynki,Krinki
Krynki,Krinok
Hall in Tirol,Hall
Szczekociny,Chekotchkin
Szczekociny,Šcekocini
Szczekociny,Ščekocini
Szczekociny,Schtschekotzin
Szczekociny,Shchekochin
Szczekociny,Shchekotsini
Szczekociny,Shchekotsiny
Szczekociny,Shtekechin
Szczekociny,Shtekishin
Szczekociny,Shtekotchin
Szczekociny,Shtekotshin
Szczekociny,Shtshekotshin
Płoty,Ploty
Haapajärvi,Haapajärvi (Finland)
Ozurgeti,Makharadze
Vilvoorde,Vilvorde
Vilvoorde,Filford
Vilvoorde,Vilvorde-lez-Bruxelles
Oghuz,Vartashen
Qakh,Qax
Gubadly,Gubadli
Gubadly,Qubadli
Waterford,Waterford City
Colchester,Colchester (parish)
Ordu,Cotyora
Ordu,Kotyora
Limerick,Limerick City
Limerick,Limmerick
Limerick,Limrick
Namur,Namen
Plymouth,"Plymouth, England"
Plymouth,Plymouth (parish)
Plymouth,"Plymouth Devon, England"
Edirne,Adrianople
Edirne,Hadrianopolis
Balakan,Belokan
Afyonkarahisar,Afyon
Końskie,Końskie (Poland)
Klaipėda,Memel
Klaipėda,Klaipeda
Tarnogród,Tarnogrod
Närpes,Närpiö
Naupactus,Lepanto
Naupactus,Nafpaktos
Olecko,Marggrabowa
Olecko,Oletzko
Olecko,Treuburg
Khojaly,Xocali
Khojaly,Khojali
Selinunte,Selinus
Outokumpu,Kuusjärvi
Comana,Aurea
Comana,Comana Chryse
Orivesi,Orihvesi
Sagunto (city),Sagunt/Sagunto
Sagunto (city),Sagunto
Sagunto (city),Sagunto / Sagunt
Sagunto (city),Sagunto/Sagunt
Sagunto (city),Saguntum
Valladolid city,Valladolid
Valladolid city,City of Valladolid
Zaragoza City,Zaragoza
Zaragoza City,Zaragoza
Zaragoza City,Zaragoza
Zaragoza City,City of Zaragoza
Zaragoza City,City of Zaragoza
Zaragoza City,City of Zaragoza
Zaragoza City,Saragossa
Zaragoza City,Saragossa
Zaragoza City,Saragossa
Zaragoza City,Çaragoça
Zaragoza City,Çaragoça
Zaragoza City,Çaragoça
Pori,Björneborg
Pori,Porin kaupunki
Foča,Foca
Truro,Truro civil parish
Truro,Truro CP
Kahramanmaraş,Maras
Kahramanmaraş,Marash
Kahramanmaraş,Kahramanmaras
Kahramanmaraş,Markasi
Kahramanmaraş,Germanicia Caesarea
Kahramanmaraş,Germanikeia
Kahramanmaraş,Kahramanmarash
Kahramanmaraş,Mar'ash
Kahramanmaraş,Maraş
Kahramanmaraş,Markash
Kahramanmaraş,Marqasi
Salona,Salon
Delimammadli,Dəliməmmədli
Stary Sącz,Stary Sacz
Piwniczna-Zdrój,Piwniczna-Zdroj
Piwniczna-Zdrój,Piwniczna-Zdrój (Poland)
Szczucin,Scucina
Szczucin,Ščucina
Szczucin,Stitshin
Szczucin,Stuchin
Szczucin,Szczucin (Poland)
Truro,"Truro, Cornwall"
Truro,Truru
Mtskheta,Mcʻxetʻa
Mtskheta,Mtshoeta
Mtskheta,Mtzkhet
Mtskheta,Mzcheta
Mtskheta,Mzheta
Lappeenranta,Villmanstrand
Pau,Paue
Pau,"Pau, Basses-Pyrénées"
Pau,"Pau, Pyrénées-Atlantiques"
Şanlıurfa,Edessa
Şanlıurfa,Orrhoe
Şanlıurfa,Sanliurfa
Şanlıurfa,Urfa
Kotor,Cattaro
Kotor,"Kotor, Montenegro"
Nyíregyháza,Nyiregyhaza
Alanya,Alaya
Alanya,Coracesium
Ioannina,Ioannina (Greece)
Ioannina,Yannena
Navarreria,Nabarreria
St Asaph,St Asaph (community)
St Asaph,St. Asaph (community)
Ilici,Ilicis
Attaea,Attea
Segusio,Segusium
Hamwic,Hamwih
Toledo city,Toledo
Toledo city,city of Toledo
Toledo city,imperial city
Toledo city,The Imperial City
Madrid city,Madrid
Madrid city,"Madrid, Spain"
Madrid city,Madrid town
Madrid city,town of Madrid
Tarragona City,City of Tarragona
Jaén City,Jaén
Jaén City,city of Jaén
"Mérida city, Spain",Mérida
"Mérida city, Spain",Merida
"Mérida city, Spain",Mérida city
Kalbajar,Kəlbəcər
Głogówek,Ober Glogau
Otrar,Farab
Otrar,Otrartobe
Švenčionys,Schwintzen
Švenčionys,Shventsian
Švenčionys,Shvintzion
Švenčionys,Shvyentsiani
Švenčionys,Shvyetsiani
Švenčionys,Svencionys
Švenčionys,Svencionyz
Švenčionys,Svenciuone
Švenčionys,Švėnčiuonē
Švenčionys,Svenciuonis
Švenčionys,Švėnčiuonis
Švenčionys,Svenconi
Švenčionys,Švenčoņi
Švenčionys,Sventsian
Švenčionys,Sventsiany
Švenčionys,Sventzion
Švenčionys,Svianciany
Švenčionys,Śvianciany
Švenčionys,Svintzian
Švenčionys,Swenziany
Švenčionys,Swieciany
Švenčionys,Święciany
Álftanes,Alftanes
Zagórów,Zagorow
Kożuchów,Freystadt
Kożuchów,Freystadt in Schlesien
Banská Bystrica,Banska Bystrica
Frías,Frias
Jakobstad,Pietarsaari
Jakobstad,Jakobstad (Finland)
Rokiškis,Rakiszki
Rokiškis,Rokiskis
Połczyn-Zdrój,Połczyn-Zdrój (Poland)
Bolków,Hain
Bolków,Hayn
Bolków,Bolkenhain
Tourcoing,Terkoeje
Tourcoing,Toerkonje
Tourcoing,Tourco
Lapathus,Lapethos
Gadabay,Kedabek
Michałowo,Michaleve
Michałowo,Michalova
Michałowo,Michalovas
Michałowo,Michalowo
Michałowo,Michalowo-Niezbudka
Michałowo,Michałowo-Niezbudka
Michałowo,Mihalovo
Michałowo,Mikhalovah
Michałowo,Nezbodka
Amasya,Amaseia
Amasya,Amasia
Keflavík,Keflavik
Adıyaman,Adiyaman
Adıyaman,Hisn Mansur
Eskişehir,Eski-Shehr
Eskişehir,Eskisehir
Lleida City,Lérida city
Girona City,Girona
Girona City,City of Girona
Girona City,Gerona
Girona City,Gérone
Cuevas del Almanzora,Cuevas de Almanzora
Cuenca city,Cuenca
Cuenca city,City of cuenca
Cuenca city,Qunka
Ourense,Orense
Barbastro city,Barbastro
Pontevedra city,Pontevedra
Calatayud city,Calatayud (city)
Calatayud city,Calatayud (city)
Calatayud city,city of Calatayud
Calatayud city,city of Calatayud
Calatayud city,Qalʿat ʾAyyūb
Calatayud city,Qalʿat ʾAyyūb
Calatayud city,قلعة أيوب
Calatayud city,قلعة أيوب
St David's and the Cathedral Close,St Davids and the Cathedral Close
Alta,Alattio
Alta,Áltá
Yacimiento arqueológico de Doña Blanca,Área Arqueológica de Doña Blanca (El Puerto de Santa María)
Saguntum,Arse
San Cristóbal de La Laguna,La Laguna
Wiltz,Wolz
Rama,Rame
Stoke-on-Trent,Stoke
Stoke-on-Trent,The Potteries
Gryfino,Gripenhagen
Gryfino,Gripiewò
Šiauliai,Shavel
Šiauliai,Šauļi
Šiauliai,Schaulen
Šiauliai,Schavli
Šiauliai,Shaulyai
Šiauliai,Shavl
Šiauliai,Shavli
Šiauliai,Shawli
Šiauliai,Shiaulai
Šiauliai,Šiaulē
Šiauliai,Siauliai
Šiauliai,Šiaulių
Šiauliai,Silaliai
Šiauliai,Szawle
Jabrayil,Jabrail
Jabrayil,Jebrail
Jabrayil,Jebrayil
Cegłów,"Cegłów, powiat miński"
Turóbriga,Turobriga
La Villa de Segura de la Sierra,Conjunto Histórico de Segura de la Sierra
Ciudadela de La Mota,Castillo de Alcala la Real
Ciudadela de La Mota,Castillo de Alcalá la Real
Ciudadela de La Mota,Fortaleza de La Mota
Shkodër,Scutari
Naupactus,Epachtos
Moguer,Moguer
"Ayvacık, Çanakkale",Ayvacık
Martakert,Agdara
Martakert,Aghdara
Martakert,Mardakert
Lututów,Lututow
Mytilene,Mytilini
Uşak,Usak
Uşak,Ushak
Utena,Uciana
Utena,Utenen
Mardin,Moha
Mardin,Mardin (Turkey)
Mardin,Maride
Safed,Zfat
Safed,Tzefat
Safed,Tzfat
Safed,Zefat
Baia Mare,Frauenbach
Baia Mare,Nagybánya
Baia Mare,Baia-Mare
Baia Mare,Baja Mare
Baia Mare,Nagybana
Baia Mare,Nagybanya
Zugdidi,Sugdidi
Birštonas,Birstonas
Asnières-sur-Seine,Asnieres
Asnières-sur-Seine,Asnières
Asnières-sur-Seine,"Asnières (Hauts-de-Seine, France)"
Durlești,Durleşti
Obúlcula,Obucla
Mesas de Asta,Asta Regia
Heydarabad,Heyderabad
Segovia City,City of Segovia
Zamora city,Zamora
Zamora city,City of Zamora
Frederikshald,Halden
Frederikshald,Fredrikshald
Huelva city,Huelva
Santander City,Santander
Santander City,City of Santander
Santiago de Compostela city,Santiago de Compostela
León city,Leon
León city,León
Lleida City,Lleida
Lleida City,city of Lérida
Lleida City,City of Lleida
Nikolayevsk-on-Amur,Miaojie
Nikolayevsk-on-Amur,Nikolaevsk-on-Amur
Dalvík,Dalvik
Lentvaris,Landverove
Lentvaris,Landwarów
Lentvaris,Landwerau
Lentvaris,Ландварово
Lentvaris,Ляндварова
Lentvaris,לאַנדוועראָווע
Grodzisk Mazowiecki,Grodzisk Mazowiecki (Poland)
Krosno Odrzańskie,Krosno Odrzanskie
Włoszczowa,Włoszczowa (Poland)
Pieksämäki,Pieksamaki
Olszyna,Langenöls
Olszyna,Mittel Langenöls
Bangor,"Bangor, County Down"
Bangor,"Bangor, County Down, Northern Ireland"
Hveragerði,Hveragerdi
Yardımlı,Yardimli
Yardımlı,Yardymly
Kütahya,Kutahya
Kütahya,Kutahya
Szczuczyn,Scucina
Szczuczyn,Ščučina
Szczuczyn,Scucinas
Szczuczyn,Ščučinas
Szczuczyn,Shchuchin
Szczuczyn,Shtutzin
Szczuczyn,Szczuczyn (Białystok)
Szczuczyn,Szczuczyn Bialostocki
Szczuczyn,Szczuczyn Białostocki
Szczuczyn,Szczuczyn Mazowiecki
Ovacık,"Ovacık, Tunceli"
Inycum,Inikon
Plungė,Plunge
Wołów,Wohlau
Kozan,Sis
Giannitsa,Genitsa
Wołomin,Volomin
Wołomin,Volomina
Wołomin,Volominas
Wołomin,Wolomin
Wołomin,Wolumin
Wołomin,Wołumin
Wołomin,Wouomin
Wołomin,Wovomin
Wołomin,Wowomin
Jelcz-Laskowice,Jeltsch-Laskowitz
Stronie Śląskie,Seitenberg
Rîșcani,Rîşcani
Rîșcani,Rîşcani
Rîșcani,Rîşcani
Rîșcani,Rîşcani
Rîșcani,Rîşcani
Brighton and Hove,City of Brighton and Hove
Brighton and Hove,The City of Brighton and Hove
Akmenė,Akmene
Eceabat,Maydos
Górzno,Gorzno
Rudnik nad Sanem,Rudnik nad Sanem (Poland)
Chocianów,Kotzenau
Gryfino,Greifenhagen
Teplice,Město Teplice
Zagatala,Zakataly
Zagatala,Zaqatala
Jelenia Góra,Hirschberg
Mladá Boleslav,Mlada Boleslav
Bender,Tighina
Koloneia,Koloneia on the Lycos
Zamość,Zamosc
Zamość,Zamoscia
Zamość,Zamose
Zamość,Zamoshch
Zamość,Zamoshtch
Zamość,Zamoshtsh
Zamość,Zamost'
Zamość,Zamost'ye
Zamość,Zamosti
Zamość,Zamostie
Děčín,"Decin, Czech Republic"
Teplice,Teplitz
Winchester,unparished part of Winchester
Winchester,Winchester (unparished area)
Winchester,"Winchester, Hampshire"
Winchester,Wintanceaster
Krapkowice,Krappitz
Maków Mazowiecki,Makow Mazowiecki
"Radoszyce, Świętokrzyskie Voivodeship",Radoschitz
Samosata,Samsat
Goygol,Khanlar
Goygol,Helendorf
Trenčín,Trencin
Zamość,Zámostí
Zamość,Zamostia
Gravisca,Gravisca Emporion
Gravisca,Graviscae
Alexandreia,Gidas
Călărași,Tuzara
Călărași,Calarasi
Călărași,Calarasi Sat
Călărași,Călărasi-Târg
Călărași,Kalaras
Călărași,Kalarash
Călărași,Kałarasz
Călărași,Kelerashi-Tyrg
Călărași,Tuzora
Călărași,קאַלאַראַש
Działoszyn,Działoszyn (Poland)
Litzmannstadt,history of Łódź under German occupation
Antiphellus,Antifillon
Antiphellus,Antiphellos
Antiphellus,Habesos
Antiphellus,Habessus
Apros,Theodosiopolis
Apros,Aproi
Apros,Aprus
Ettelbruck,Ettelbréck
archaeological site of Carmona,Carmona
archaeological site of Carmona,Conjunto Arqueológico de Carmona
Oviedo City,Oviedo
Lubsko,Sommerfeld
Lubsko,Žemŕ
Żarki,Żarki (Poland)
Nowy Wiśnicz,Vishnitsa
Nizip,Nisib
Vulcănești,Вульчанешты
Ceadîr-Lunga,Çadır
Ceadîr-Lunga,Ceadar-Lunga
Ceadîr-Lunga,Ceadâr-Lunga
Ceadîr-Lunga,Ceadir-Lunga
Ceadîr-Lunga,Ciadar Lunga
Ceadîr-Lunga,Ciadâr Lunga
Ceadîr-Lunga,Ciadir-Lunga
Ceadîr-Lunga,Ciadîr-Lunga
Julfa,Culfa
Julfa,Jolfa
Julfa,"Julfa, Azerbaijan (city)"
Kunów,Kunow
Wleń,Lähn
Wleń,Lehnhaus
Kosów Lacki,Kosow Lacki
Szczytna,Rückers
Çaylı,"Çaylı, İzmir"
Arretium,Arezzo (Samian Ware Discovery Site)
Herbessos,Erbessus
Ilium,Troy
Grodków,Grottkau
Oni,"Oni, Georgia"
Kazlų Rūda,Kazlu-Ruda
Le Lamentin,Lamentin
Le Lamentin,Lamanten
Le Lamentin,Lanmanten
Kerkrade,Kirchroa
Kerkrade,Kirchrath
Dunmurry West,Dunmurry
Antwerp,Antwerpen
Geraardsbergen,Grammont
Geraardsbergen,Giesbaargen
Geraardsbergen,Mattentaartenstad
City of Barcelona,Barcelona
City of Barcelona,Barcelona City
Cartagena City,Cartagena
Cartagena City,Cartagena
Cartagena City,Cartagena
Cartagena City,City of Cartagena
Cartagena City,City of Cartagena
Cartagena City,City of Cartagena
Huesca City,Huesca
Jaca City,City of Jaca
Lugo city,Lugo
Lugo city,city of Lugo
Sagunto (city),Sagunt
Sagunto (city),Sagunt / Sagunto
Trzcianka,Schönlanke
Oborniki Śląskie,Obernigk
Virrat,Virdois
Bíldudalur,Bildudalur
Tykocin,Tykocin (Poland)
Grodków,Grodkow
Fălești,Falesht'
Fălești,Falesht'
Fălești,Falesht'
Fălești,Falesht'
Fălești,Falesht'
Fălești,Faleshti
Fălești,Faleshti
Fălești,Faleshti
Fălești,Faleshti
Fălești,Faleshti
Fălești,Faleshty
Fălești,Faleshty
Fălești,Faleshty
Fălești,Faleshty
Fălești,Faleshty
Fălești,Falesti
Fălești,Falesti
Fălești,Falesti
Fălești,Falesti
Fălești,Falesti
Fălești,Făleşti
Fălești,Făleşti
Fălești,Făleşti
Fălești,Făleşti
Fălești,Făleşti
Fălești,Feleshti
Fălești,Feleshti
Fălești,Feleshti
Fălești,Feleshti
Fălești,Feleshti
Fălești,Foleshty
Fălești,Foleshty
Fălești,Foleshty
Fălești,Foleshty
Fălești,Foleshty
Soroca,Soroka
Soroca,Soroky
Soroca,Soroke
Soroca,Soroki
Bełżyce,Belzhits
Bełżyce,Belzhitse
Bełżyce,Belzhitza
Bełżyce,Belzhyce
Bełżyce,Belzhytze
Bełżyce,Belzyce
Bełżyce,Belzycy
Bełżyce,Bełżycy
Donegal,Donegal Town
Marijampolė,Marijampolė (Lithuania)
Euroea in Phoenicia,Euaria
Euroea in Phoenicia,Evaria
Miejska Górka,Miejska Gorka
Tuliszków,Tuliszkow
Newcastle upon Tyne,Newcastle
Newcastle upon Tyne,Newcastle-upon-Tyne
Newcastle upon Tyne,Newcastle-on-Tyne
Newcastle upon Tyne,Newcastle upon Tyne (parish)
Magnesia on the Maeander,Magnesia ad Maeandrum
Askeran,Asgeran
Lissus,Lissos
Lissus,Lezhë
Hveragerði,Hveragerdi
Paiania,Liopesi
Esil,Yesil
Nørresundby,Norresundby
Oviedo City,city of Oviedo
Antipatrea,Antipatreia
Aulon,Aulona
Cestrina,Cestria
Cestrina,Kestria
Cestrina,Kestrina
Cestrina,Kestrine
Scampis,Elbasan
Christiania,Kristiania
Christiania,Xania
Wavre,the City of the Maca
Wavre,Waver
Wavre,Wavres
Sankt Vith,Saint Vith
Leuven,Louvain
Berndorf,Berndorf I
Gomphi,Gomphoi
Tálknafjörður,Talknafjordur
Marijampolė,Marijampole
Tongeren,Atuaticum tongrorum
Mikkeli,S:t Michel
Mikkeli,Sankt Michel
Alexandroupoli,Alexandroupolis
Anières,Anieres
Heraclea,Eraclea
Heraclea,Heraclia
Heraclea,Melidissa
Baelo Claudia,Conjunto Arqueologico Baelo Claudia
Altötting,Altotting
Ávila City,Avila
Ávila City,Ávila
Ávila City,City of Ávila
Teruel City,Teruel
Seville city,Seville
Seville city,Sevilla
Seville city,إِشْبِيلِيَة
Seville city,city of Sevilla
Seville city,city of Seville
Seville city,Sevilla city
Soria city,Soria
Soria city,City of Soria
Ciudad Real City,Ciudad Real
Ciudad Real City,City of Ciudad Real
Palencia City,Palencia
Palencia City,city of Palencia
İske Qazan,Old Kazan
Fushë-Arrëz,Fushe-arrez
Fushë-Arrëz,Fushë-Arrëz (Albania)
Nidzica,Neidenburg
Nidzica,Nibork
Nidzica,Nīdaspils
Naantali,Nådendal
Rijswijk,Ryswick
Strzelce Opolskie,Groß Strehlitz
Strzelce Opolskie,Großstrehlitz
Sitio Arqueológico de Medina Sidonia,Conjunto Arqueológico Romano de Medina Sidonia
Guadalajara City,Guadalajara
Guadalajara City,City of Guadalajara
Zelów,Zelow
Ulcinj,Dulcigno
Ulcinj,Ulqin
Ulcinj,Ulqini
Tongeren,Tongres
Babek,Babak
Baltoji Vokė,Biała Waka
Thermi,Sedes
Florești,Floreşti
Dobre Miasto,Dobre Miasto (Poland)
Ura Vajgurore,Urë Vajgurore
Roman Theatre of Cádiz,Teatro Romano
Roman Theatre of Cádiz,tu prima
Nusaybin,Nisibis
Nusaybin,Nisêbîn
Blackrock,"Blackrock, Dublin"
Kuype of Brussels,Cuve de Bruxelles
Kuype of Brussels,Kuip van Brussel
Kuype of Brussels,Kuype
Białobrzegi,Białobrzegi (Poland)
Bielawa,Bielau
Bielawa,Langenbielau
Prudnik,Neustadt in Oberschlesien
Swords,"Swords, Dublin"
Swords,"Swords, Ireland"
Gelgaudiškis,Gelgaudischken
Gelgaudiškis,Gelgudischken
Gelgaudiškis,Giełgudyszki
Łobez,Lobez
Bierutów,Bernstadt an der Weide
Bierutów,Bernstadt in Schlesien
Qonayev,Kapchagay
Qonayev,Kapshagay
Qonayev,Qonaev
Goychay,Geokchay
Chalkida,Chalcis
Chalkida,Chalkis (Řecko)
Saatly,Saatlı
Saatly,Saatli
Fuzuli,Fizuli
Fuzuli,Karyagino
Sadhora,"Sadagóra, Ukraine"
Sadhora,Sadiger
Strășeni,Străşeni
Oaxos,Axos
Oaxos,Axus
Lamia,Lamia (Greece)
Herceg Novi,Herceg-Novi
Kajaani,Kajana
Porvoo,Borgå
Samukh,Samux
Samukh,Nabiaghali
Samukh,Nabiaghaly
Rymanów,Rymanow
Göytəpə,Prishib
Göytəpə,Geytepe
Göytəpə,Göytäpä
Göytəpə,Göytepe
Göytəpə,Prishibinsk
Göytəpə,Prishibinskoe
Göytəpə,Prishibinskoye
Göytəpə,Prišib
Seýdi,Neftezavodsk
Liman,Port-İliç
Arendal,City of Arendal
Krasnoye,Crasnoe
Krasnoye,Crasnoe
New Tiraspol,Novotiraspol
New Tiraspol,Novotiraspol
New Tiraspol,Novotiraspolskiy
New Tiraspol,Novotiraspolskiy
New Tiraspol,Tiraspolul Nou
New Tiraspol,Tiraspolul Nou
Skala,Skála
Bergen op Zoom,Bergen-op-Zoom
Carlisle,Carlisle (parish)
Tartar,Mirbashir
Sidyma,Dudurga Asari
Hólmavík,Holmavik
Patreksfjörður,Patreksfjordur
Sparti,Sparta
Zaklików,Zaklikow
Prochowice,Parchwitz
Paczków,Patschkau
Tripoli,Tripolis
Tripoli,Tripolitsá
Armagh,Armagh (Northern Ireland)
Sianów,Sianow
Wyrzysk,Wirsitz
Polanów,Polanow
Aktau,Aqtau
Çanakkale,Canakkale
Balıkesir,Balikesir
Volos,Vólos
Andrychów,Andrichau
Andrychów,Andrichov
Andrychów,Andrikhov
Andrychów,Andrychow
Andrychów,Yandrichov
Andrychów,Yendrikhev
Andrychów,Yendrikhov
Antiochia ad Sarum,Antiochia in Cilicia
"Ruínas de Almofala, conhecidas pela designação de Casarão da Torre",Casarão da Torre
Gijón City,Gijón
Gijón City,City of Gijón
Gijón City,Xixón
Sergiopolis,current day Resafa
Fontenay-sous-Bois,ville de Fontenay-sous-Bois
Ausa,Ausona
Skógar,Skogar
Mieszkowice,Bärwalde
Mieszkowice,Bärwalde in der Neumark
Buda,Ofen
Tauragė,Taurage
Tauragė,Tauroggen
Niğde,Nigde
Lisburn,"Lisburn, Northern Ireland"
Givrag,Gyvrag
Karatau,Qaratau
Kurdamir,Kurdemir
Jadów,Jadow
Simnas,Simno
Mordy,Mordy (Poland)
Opole Lubelskie,Opole Lubelskie (Poland)
Rajgród,Rajgrod
Wasilków,Vashilkova
Wasilków,Vashilkuv
Wasilków,Vashlkove
Wasilków,Vasil'kuv
Wasilków,Vasilkov
Wasilków,Wasilkow
Zabłudów,Zabłudów (Poland)
Sulejów,Sulejow
Mänttä-Vilppula,Mänttä-Filpula
Lieto,Lundo
St Asaph,St. Asaph
St Asaph,Llanelwy
Corella,Korella
Dzierzgoń,Christburg
Dzierzgoń,Grewose
Dzierzgoń,Kiszpork
Dzierzgoń,Kristburg
Hajigabul,Hacıqabul
Hajigabul,Hajiqabul
Leova,Leova (Moldova)
Kabala,Qubala
Telšiai,Telsiai
Nikaia,Nea Kokkinia
Przysucha,Przysucha (Poland)
Góra Kalwaria,Gur
Góra Kalwaria,Gier
Góra Kalwaria,Ger
Góra Kalwaria,Gora Kalwaria
Góra Kalwaria,Góra Kalwarja
Góra Kalwaria,Gura-Kal'varya
Brześć Kujawski,Brześć Kujawski (Poland)
Brwinów,Brwinow
Pefki,Magkoufana
Cornus,"Cornus, Sardinia"
Hîncești,Kotovsk
Hîncești,Kotovskoye
Hîncești,Ganchesty
Hîncești,Hâncești
Munigua,Mulva (Villanueva del Río y Minas)
Edineț,Edineti
Edineț,Edinets
Edineț,Ediniţa
Edineț,Edinita Targ
Edineț,Ediniţa-Târg
Edineț,Edintsy
Edineț,Jedeńcy
Edineț,Jedincy
Edineț,Jedyńce
Edineț,Yedinets
Edineț,Yedinits
Edineț,Yedinitz
Edineț,Yedintsy
Edineț,Yedintsy-Tyrg
Edineț,Yedintzi
Edineț,ידיניץ
Edineț,יעדינעץ
Kokemäki,Kumo
Susz,Rosenberg in Westpreußen
Reszel,Rößel
Prudnik,Neustadt
Naxos (city),Chora Naxou
Aghdam,Agdam
Ani,Abnicum
Barda,Berde
Newcastle West,Newcastle
Newcastle West,"Newcastle West, Ireland"
Newcastle West,"Newcastle, County Limerick"
Skoczów,Skoczow
Sieraków,Sierakow
Prabuty,Prabuty (Poland)
Gryfów Śląski,Greiffenberg
Gryfów Śląski,Greiffenberg in Schlesien
Gryfów Śląski,Gryfów
Gryfów Śląski,Gryphimontium
Wolbrom,Wolfram
Wolbrom,Volbrom
Wolbrom,Volbroma
Wolbrom,Wohlborn
Wolbrom,Wolbrum
Wolbrom,Wolbrům
Pothia,Kalymnos (town)
Pothia,Pothaea
Pothia,Pothaia
Altai,Zyryanovsk
Altai,Zyryanovsk
Skyros,Skyros (town)
Alphen aan den Rijn,Alphen on the Rhine
Magetobria,Amagetobria
Substantion,Sextantio
Substantion,Sextantio (Samian Ware Discovery Site)
Substantion,Sextatio
Substantion,Soustancion
Substantion,Soustantion
Substantion,Soutancion
Çobanlar,"Çobanlar, Afyonkarahisar"
Grenå,Grenaa
Grenå,Grenaa (Denmark)
Rejowiec,Rayvits
Rejowiec,Rayvitsh
Rejowiec,Rayvitz
Rejowiec,Rejowiec Lubelski
Rejowiec,Reyovetz
Rejowiec,Reyovyets
Rejowiec,Reyvits
Sakarya,Sakarya Metropolitan Municipality
Temesa,Tempsa
Kaunas,Kovno
Kaunas,Kauen
Kaunas,Kovna
Kaunas,Kovne
Kaunas,Kowno
Osmaniye,"Osmaniye, Eskişehir"
Pylos,Navarino
Wrexham County Borough,Wrexham
Wrexham County Borough,Wrecsam
Wrexham County Borough,County Borough of Wrexham
Joniškis,Joniskis
Turkistan,Turkestan
Turkistan,Yasi
Turkistan,Turkiston
Turkistan,Hazrat-i Turkestan
Turkistan,Türkistan
Vilkaviškis,Vilkaviškis (Lithuania)
Jaworzyna Śląska,Königszelt
Astypalaia,Astypalea
Waren,Bahnhof
München,Hauptbahnhof
München,Giselastraße
München,Fröttmaning
Borlange,Borlänge
Bucharest,Bucuresti
Cluj-napoca,Cluj
Düsseldorf,Duesseldorf
Florence,Firenze
Genova,Genoa
Gerona,Girona
Jyväskylä,Jyvaskyla
Karlsruhe,Karlsruhe/Baden-Baden
Kastellorizo,Kastelorizo
Copenhagen,Koebenhavn
Copenhagen,Koebenhavns
La Coruna,La Coruna-San Cristobal
La Rochelle,La Rochelle Ville
Linköping,Linkoeping
Lisbon,Lisboa
Lulea,Luleaa
Malmö,Malmoe
Milan,Milano
Mytilini,Mytilene
München,Münchner
Naples,Napoli
Norrköping,Norrkoeping
München,Ostbahnhof
Portbou,Port
Prague,Praha
Rhodos,Rhodes
Rome,Roma
Satu Mare,Satu
Skelleftea,Skellefteaa
Syros,Syros Island
Tirgu Mures,Tirgu
Trollhättan,Trollhattan
Umea,Umeaa
Venice,Venezia
Ängelholm,Ã„ngelholm
